{"cameraMode":{"drawMode":0,"name":"Shaded","section":"Shading Mode"},"sceneLighting":true,"audioPlay":false,"sceneViewState":{"m_AlwaysRefresh":false,"showFog":true,"showSkybox":true,"showFlares":true,"showImageEffects":true,"showParticleSystems":true,"showVisualEffectGraphs":true,"m_FxEnabled":true},"in2DMode":false,"pivot":{"x":14.394994735717774,"y":-2.9455392360687258,"z":4.61826229095459},"rotation":{"x":0.15980112552642823,"y":0.40681713819503786,"z":-0.07251396030187607,"w":0.8964892625808716},"size":7.743732929229736,"orthographic":true}