{"cameraMode":{"drawMode":0,"name":"Shaded","section":"Shading Mode"},"sceneLighting":true,"audioPlay":false,"sceneViewState":{"m_AlwaysRefresh":false,"showFog":true,"showSkybox":true,"showFlares":true,"showImageEffects":true,"showParticleSystems":true,"showVisualEffectGraphs":true,"m_FxEnabled":true},"in2DMode":false,"pivot":{"x":2.3603971004486086,"y":4.270707130432129,"z":-4.9646406173706059},"rotation":{"x":0.1852758526802063,"y":0.48709049820899966,"z":-0.10656250268220902,"w":0.8467873334884644},"size":11.215091705322266,"orthographic":true}