{"cameraMode":{"drawMode":0,"name":"Shaded","section":"Shading Mode"},"sceneLighting":true,"audioPlay":false,"sceneViewState":{"m_AlwaysRefresh":false,"showFog":true,"showSkybox":true,"showFlares":true,"showImageEffects":true,"showParticleSystems":true,"showVisualEffectGraphs":true,"m_FxEnabled":true},"in2DMode":false,"pivot":{"x":15.210334777832032,"y":-2.7962093353271486,"z":3.882910966873169},"rotation":{"x":0.11624074727296829,"y":0.36616289615631106,"z":-0.04615713655948639,"w":0.9221027493476868},"size":8.108620643615723,"orthographic":true}