{"cameraMode":{"drawMode":2,"name":"Shaded Wireframe","section":"Shading Mode"},"sceneLighting":true,"audioPlay":false,"sceneViewState":{"showFog":true,"showMaterialUpdate":false,"showSkybox":true,"showFlares":true,"showImageEffects":true,"showParticleSystems":true},"in2DMode":false,"pivot":{"x":4.552855491638184,"y":1.0004030466079713,"z":-1.1920928955078126e-7},"rotation":{"x":-0.33984968066215517,"y":-0.14282728731632234,"z":0.052370958030223849,"w":-0.9281731843948364},"size":9.80089282989502,"orthographic":true}